incident_id,start_time,end_time
1,2024-01-01 00:00:00,2024-01-02 12:00:00
2,2024-01-03 06:00:00,2024-01-03 18:00:00
3,2024-01-05 09:00:00,2024-01-06 06:00:00
4,2024-01-07 13:00:00,2024-01-07 20:00:00
5,2024-01-10 08:30:00,2024-01-11 15:00:00
6,2024-01-12 11:00:00,2024-01-13 00:00:00
7,2024-01-15 02:00:00,2024-01-15 12:00:00
8,2024-01-17 04:00:00,2024-01-18 08:00:00
9,2024-01-20 19:00:00,2024-01-21 05:00:00
10,2024-01-23 14:00:00,2024-01-24 04:00:00
11,2024-01-25 00:00:00,2024-01-25 23:00:00
12,2024-01-27 12:00:00,2024-01-28 09:00:00
13,2024-01-30 11:00:00,2024-01-31 14:00:00
14,2024-02-02 15:00:00,2024-02-03 09:00:00
15,2024-02-04 08:00:00,2024-02-05 16:00:00
16,2024-02-07 13:00:00,2024-02-08 13:00:00
17,2024-02-10 05:00:00,2024-02-10 23:00:00
18,2024-02-12 17:00:00,2024-02-13 06:00:00
19,2024-02-14 09:00:00,2024-02-15 18:00:00
20,2024-02-16 20:00:00,2024-02-17 06:00:00
